{"cameraMode":{"drawMode":0,"name":"Shaded","section":"Shading Mode"},"sceneLighting":false,"audioPlay":false,"sceneViewState":{"showFog":true,"showMaterialUpdate":false,"showSkybox":false,"showFlares":true,"showImageEffects":true,"showParticleSystems":true},"in2DMode":false,"pivot":{"x":2.9802322387695315e-8,"y":2.565000057220459,"z":-5.96055542700924e-8},"rotation":{"x":0.03787260130047798,"y":-0.8273025155067444,"z":0.056185364723205569,"w":0.557655394077301},"size":512.5086059570313,"orthographic":false}